Method,Number of Days,Distance function,Days function,Base,RAI,RPC,Start day,End day,Test time,Test duration,File used,TPP,TNP,FPP,FNP
Circular Growth no touch,100,logaritmic_growth_distance,logaritmic_growth_days,18,,,2020-12-11 00:00:00,2021-03-20 00:00:00,2023-06-13 20:05:19.669344,11.151528596878052,coletoressafra2021_31_23,33.74353295462944,0,78.43458420875322,0
Circular Growth no touch,100,logaritmic_growth_distance,logaritmic_growth_days,180,,,2020-12-11 00:00:00,2021-03-20 00:00:00,2023-06-13 20:05:37.049599,17.377256393432617,coletoressafra2021_31_23,18.888283408874454,0,67.15810938704065,0
Circular Growth no touch,100,logaritmic_growth_distance,logaritmic_growth_days,1800,,,2020-12-11 00:00:00,2021-03-20 00:00:00,2023-06-13 20:05:59.233602,22.176998376846313,coletoressafra2021_31_23,12.688885976566711,0,59.17404392170982,0
Circular Growth no touch,100,logaritmic_growth_distance,logaritmic_growth_days,18000,,,2020-12-11 00:00:00,2021-03-20 00:00:00,2023-06-13 20:06:25.555510,26.313292503356934,coletoressafra2021_31_23,9.071944701250885,0,54.47954273056711,0
Circular Growth no touch,100,logaritmic_growth_distance,logaritmic_growth_days,180000,,,2020-12-11 00:00:00,2021-03-20 00:00:00,2023-06-13 20:06:54.955288,29.39977788925171,coletoressafra2021_31_23,6.57465841267945,0,50.20494230535534,0
Circular Growth no touch,100,logaritmic_growth_distance,logaritmic_growth_days,30,,,2020-12-11 00:00:00,2021-03-20 00:00:00,2023-06-13 20:07:52.066358,12.710724115371704,coletoressafra2021_31_23,32.007113030588144,0,75.80669922495584,0
Circular Growth no touch,100,logaritmic_growth_distance,logaritmic_growth_days,300,,,2020-12-11 00:00:00,2021-03-20 00:00:00,2023-06-13 20:08:10.824418,18.757059574127197,coletoressafra2021_31_23,18.054457719602237,0,65.54123868415951,0
Circular Growth no touch,100,logaritmic_growth_distance,logaritmic_growth_days,3000,,,2020-12-11 00:00:00,2021-03-20 00:00:00,2023-06-13 20:08:34.358995,23.534577131271362,coletoressafra2021_31_23,12.077780272392076,0,57.78091733956939,0
Circular Growth no touch,100,logaritmic_growth_distance,logaritmic_growth_days,30000,,,2020-12-11 00:00:00,2021-03-20 00:00:00,2023-06-13 20:09:01.704147,27.34014654159546,coletoressafra2021_31_23,8.681008823146392,0,54.080200834230844,0
Circular Growth no touch,100,logaritmic_growth_distance,logaritmic_growth_days,300000,,,2020-12-11 00:00:00,2021-03-20 00:00:00,2023-06-13 20:09:32.386616,30.682470083236694,coletoressafra2021_31_23,6.289710400719232,0,49.57171905380364,0
Circular Growth no touch,100,logaritmic_growth_distance,logaritmic_growth_days,70,,,2020-12-11 00:00:00,2021-03-20 00:00:00,2023-06-13 20:09:47.661560,15.274943351745605,coletoressafra2021_31_23,11.990018980933458,0,71.54773733110758,0
Circular Growth no touch,100,logaritmic_growth_distance,logaritmic_growth_days,700,,,2020-12-11 00:00:00,2021-03-20 00:00:00,2023-06-13 20:10:08.475197,20.80163836479187,coletoressafra2021_31_23,8.899489735922618,0,62.76770853631132,0
Circular Growth no touch,100,logaritmic_growth_distance,logaritmic_growth_days,7000,,,2020-12-11 00:00:00,2021-03-20 00:00:00,2023-06-13 20:10:33.156593,24.681396484375,coletoressafra2021_31_23,6.850234365593105,0,56.088526276973795,0
Circular Growth no touch,100,logaritmic_growth_distance,logaritmic_growth_days,70000,,,2020-12-11 00:00:00,2021-03-20 00:00:00,2023-06-13 20:11:01.051470,27.894876718521118,coletoressafra2021_31_23,5.4118417313658425,0,52.420849426019934,0
Circular Growth no touch,100,logaritmic_growth_distance,logaritmic_growth_days,700000,,,2020-12-11 00:00:00,2021-03-20 00:00:00,2023-06-13 20:11:31.602050,30.55058002471924,coletoressafra2021_31_23,4.153694784060475,0,47.62987784109775,0
Circular Growth no touch,100,logaritmic_growth_distance,logaritmic_growth_days,21,,,2020-12-11 00:00:00,2021-03-20 00:00:00,2023-06-13 20:11:42.949913,11.347862243652344,coletoressafra2021_31_23,10.018982489344495,0,77.78998059571092,0
Circular Growth no touch,100,logaritmic_growth_distance,logaritmic_growth_days,210,,,2020-12-11 00:00:00,2021-03-20 00:00:00,2023-06-13 20:12:00.538527,17.578613996505737,coletoressafra2021_31_23,7.634033543633273,0,66.77103801071138,0
Circular Growth no touch,100,logaritmic_growth_distance,logaritmic_growth_days,2100,,,2020-12-11 00:00:00,2021-03-20 00:00:00,2023-06-13 20:12:23.002309,22.463781595230103,coletoressafra2021_31_23,5.95641003741334,0,58.48845146440306,0
Circular Growth no touch,100,logaritmic_growth_distance,logaritmic_growth_days,21000,,,2020-12-11 00:00:00,2021-03-20 00:00:00,2023-06-13 20:12:49.429941,26.427631855010986,coletoressafra2021_31_23,4.740107150836936,0,54.542741389646636,0
Circular Growth no touch,100,logaritmic_growth_distance,logaritmic_growth_days,210000,,,2020-12-11 00:00:00,2021-03-20 00:00:00,2023-06-13 20:13:18.730741,29.300800561904907,coletoressafra2021_31_23,3.7656801432868896,0,49.82069792513522,0
Circular Growth no touch,100,logaritmic_growth_distance,logaritmic_growth_days,27,,,2020-12-11 00:00:00,2021-03-20 00:00:00,2023-06-13 20:13:30.846615,12.115873575210571,coletoressafra2021_31_23,8.067416827483596,0,76.20713432746551,0
Circular Growth no touch,100,logaritmic_growth_distance,logaritmic_growth_days,270,,,2020-12-11 00:00:00,2021-03-20 00:00:00,2023-06-13 20:13:48.946741,18.10012674331665,coletoressafra2021_31_23,6.283554306179929,0,66.05764140038383,0
Circular Growth no touch,100,logaritmic_growth_distance,logaritmic_growth_days,2700,,,2020-12-11 00:00:00,2021-03-20 00:00:00,2023-06-13 20:14:12.307107,23.35036563873291,coletoressafra2021_31_23,4.955186872775947,0,58.17074114576871,0
Circular Growth no touch,100,logaritmic_growth_distance,logaritmic_growth_days,27000,,,2020-12-11 00:00:00,2021-03-20 00:00:00,2023-06-13 20:14:39.425600,27.108492612838745,coletoressafra2021_31_23,4.022133627327336,0,53.95705002928948,0
Circular Growth no touch,100,logaritmic_growth_distance,logaritmic_growth_days,270000,,,2020-12-11 00:00:00,2021-03-20 00:00:00,2023-06-13 20:15:09.611869,30.17627215385437,coletoressafra2021_31_23,3.207145359214805,0,49.94489425668611,0
Circular Growth no touch,100,logaritmic_growth_distance,logaritmic_growth_days,42,,,2020-12-11 00:00:00,2021-03-20 00:00:00,2023-06-13 20:15:23.097937,13.4860680103302,coletoressafra2021_31_23,6.804077685445523,0,74.22332118984372,0
Circular Growth no touch,100,logaritmic_growth_distance,logaritmic_growth_days,420,,,2020-12-11 00:00:00,2021-03-20 00:00:00,2023-06-13 20:15:42.331080,19.233142375946045,coletoressafra2021_31_23,5.254773076721435,0,64.2644465770237,0
Circular Growth no touch,100,logaritmic_growth_distance,logaritmic_growth_days,4200,,,2020-12-11 00:00:00,2021-03-20 00:00:00,2023-06-13 20:16:06.043576,23.712496280670166,coletoressafra2021_31_23,4.253884124242254,0,57.52786476031069,0
Circular Growth no touch,100,logaritmic_growth_distance,logaritmic_growth_days,42000,,,2020-12-11 00:00:00,2021-03-20 00:00:00,2023-06-13 20:16:33.286568,27.242992162704468,coletoressafra2021_31_23,3.472074712081402,0,53.57023344642456,0
Circular Growth no touch,100,logaritmic_growth_distance,logaritmic_growth_days,420000,,,2020-12-11 00:00:00,2021-03-20 00:00:00,2023-06-13 20:17:03.210368,29.913591623306274,coletoressafra2021_31_23,2.760492007207698,0,49.2090286168029,0
Circular Growth no touch,100,logaritmic_growth_distance,logaritmic_growth_days,98,,,2020-12-11 00:00:00,2021-03-20 00:00:00,2023-06-13 20:17:19.000031,15.78966212272644,coletoressafra2021_31_23,5.607853213556213,0,70.0556751380473,0
Circular Growth no touch,100,logaritmic_growth_distance,logaritmic_growth_days,980,,,2020-12-11 00:00:00,2021-03-20 00:00:00,2023-06-13 20:17:39.758850,20.758819341659546,coletoressafra2021_31_23,4.442601509950681,0,61.68308294085531,0
Circular Growth no touch,100,logaritmic_growth_distance,logaritmic_growth_days,9800,,,2020-12-11 00:00:00,2021-03-20 00:00:00,2023-06-13 20:18:04.958509,25.1986563205719,coletoressafra2021_31_23,3.566379114567607,0,55.46875344458042,0
Circular Growth no touch,100,logaritmic_growth_distance,logaritmic_growth_days,98000,,,2020-12-11 00:00:00,2021-03-20 00:00:00,2023-06-13 20:18:33.362795,28.402286529541016,coletoressafra2021_31_23,2.888380790027771,0,51.6064922945588,0
Circular Growth no touch,100,logaritmic_growth_distance,logaritmic_growth_days,980000,,,2020-12-11 00:00:00,2021-03-20 00:00:00,2023-06-13 20:19:04.380293,31.01749873161316,coletoressafra2021_31_23,2.3140251291455503,0,46.78313040319748,0
Circular Growth no touch,100,logaritmic_growth_distance,logaritmic_growth_days,63,,,2020-12-11 00:00:00,2021-03-20 00:00:00,2023-06-13 20:19:18.846322,14.456028461456299,coletoressafra2021_31_23,5.35210065171439,0,72.21274928584488,0
Circular Growth no touch,100,logaritmic_growth_distance,logaritmic_growth_days,630,,,2020-12-11 00:00:00,2021-03-20 00:00:00,2023-06-13 20:19:38.841390,19.985078811645508,coletoressafra2021_31_23,4.210582151922986,0,63.05758587364905,0
Circular Growth no touch,100,logaritmic_growth_distance,logaritmic_growth_days,6300,,,2020-12-11 00:00:00,2021-03-20 00:00:00,2023-06-13 20:20:03.199299,24.357909202575684,coletoressafra2021_31_23,3.449534482418378,0,56.60816842845586,0
Circular Growth no touch,100,logaritmic_growth_distance,logaritmic_growth_days,63000,,,2020-12-11 00:00:00,2021-03-20 00:00:00,2023-06-13 20:20:31.041109,27.84180974960327,coletoressafra2021_31_23,2.7842235709420997,0,52.36181987856681,0
Circular Growth no touch,100,logaritmic_growth_distance,logaritmic_growth_days,630000,,,2020-12-11 00:00:00,2021-03-20 00:00:00,2023-06-13 20:21:01.529808,30.488699436187744,coletoressafra2021_31_23,2.2237648034236064,0,47.76560092345691,0
Circular Growth no touch,100,logaritmic_growth_distance,logaritmic_growth_days,57,,,2020-12-11 00:00:00,2021-03-20 00:00:00,2023-06-13 20:21:15.726050,14.196241855621338,coletoressafra2021_31_23,5.003504277081075,0,72.37152162872592,0
Circular Growth no touch,100,logaritmic_growth_distance,logaritmic_growth_days,570,,,2020-12-11 00:00:00,2021-03-20 00:00:00,2023-06-13 20:21:35.469233,19.733194589614868,coletoressafra2021_31_23,3.973876558621204,0,63.467874177662345,0
Circular Growth no touch,100,logaritmic_growth_distance,logaritmic_growth_days,5700,,,2020-12-11 00:00:00,2021-03-20 00:00:00,2023-06-13 20:21:59.703999,24.234766006469727,coletoressafra2021_31_23,3.223721112072314,0,56.89554511062456,0
Circular Growth no touch,100,logaritmic_growth_distance,logaritmic_growth_days,57000,,,2020-12-11 00:00:00,2021-03-20 00:00:00,2023-06-13 20:22:27.400866,27.69686722755432,coletoressafra2021_31_23,2.6172414541045295,0,52.73493008129178,0
Circular Growth no touch,100,logaritmic_growth_distance,logaritmic_growth_days,570000,,,2020-12-11 00:00:00,2021-03-20 00:00:00,2023-06-13 20:22:57.673155,30.27228832244873,coletoressafra2021_31_23,2.10495047744375,0,48.200676998958166,0
Circular Growth no touch,100,logaritmic_growth_distance,logaritmic_growth_days,26,,,2020-12-11 00:00:00,2021-03-20 00:00:00,2023-06-13 20:23:09.641356,11.968201637268066,coletoressafra2021_31_23,5.073778593791189,0,76.56398445644659,0
Circular Growth no touch,100,logaritmic_growth_distance,logaritmic_growth_days,260,,,2020-12-11 00:00:00,2021-03-20 00:00:00,2023-06-13 20:23:27.668259,18.026902437210083,coletoressafra2021_31_23,4.00341206047262,0,66.17670637676804,0
Circular Growth no touch,100,logaritmic_growth_distance,logaritmic_growth_days,2600,,,2020-12-11 00:00:00,2021-03-20 00:00:00,2023-06-13 20:23:50.605915,22.937655925750732,coletoressafra2021_31_23,3.215785283270623,0,58.279575844145235,0
Circular Growth no touch,100,logaritmic_growth_distance,logaritmic_growth_days,26000,,,2020-12-11 00:00:00,2021-03-20 00:00:00,2023-06-13 20:24:17.201243,26.575340747833252,coletoressafra2021_31_23,2.6445713331433103,0,54.043469366766054,0
Circular Growth no touch,100,logaritmic_growth_distance,logaritmic_growth_days,260000,,,2020-12-11 00:00:00,2021-03-20 00:00:00,2023-06-13 20:24:46.711415,29.51017165184021,coletoressafra2021_31_23,2.1380387035744937,0,49.94489425668611,0
Circular Growth no touch,100,logaritmic_growth_distance,logaritmic_growth_days,58,,,2020-12-11 00:00:00,2021-03-20 00:00:00,2023-06-13 20:25:00.966841,14.248801231384277,coletoressafra2021_31_23,4.426357037966383,0,72.39209933304375,0
Circular Growth no touch,100,logaritmic_growth_distance,logaritmic_growth_days,580,,,2020-12-11 00:00:00,2021-03-20 00:00:00,2023-06-13 20:25:20.849722,19.87289333343506,coletoressafra2021_31_23,3.516054718197553,0,63.2602186461436,0
Circular Growth no touch,100,logaritmic_growth_distance,logaritmic_growth_days,5800,,,2020-12-11 00:00:00,2021-03-20 00:00:00,2023-06-13 20:25:45.096304,24.246581554412842,coletoressafra2021_31_23,2.8653592941560997,0,56.83698398130924,0
Circular Growth no touch,100,logaritmic_growth_distance,logaritmic_growth_days,58000,,,2020-12-11 00:00:00,2021-03-20 00:00:00,2023-06-13 20:26:12.802802,27.70649743080139,coletoressafra2021_31_23,2.334939787815758,0,52.73493008129178,0
Circular Growth no touch,100,logaritmic_growth_distance,logaritmic_growth_days,580000,,,2020-12-11 00:00:00,2021-03-20 00:00:00,2023-06-13 20:26:43.105632,30.302830457687378,coletoressafra2021_31_23,1.8827127521963014,0,48.200676998958166,0
Circular Growth no touch,100,logaritmic_growth_distance,logaritmic_growth_days,33,,,2021-10-26 00:00:00,2022-02-02 00:00:00,2023-06-13 20:33:46.167409,5.724271297454834,coletoressafra2122_31_23,48.741321462496764,0,63.534391726362145,0
Circular Growth no touch,100,logaritmic_growth_distance,logaritmic_growth_days,330,,,2021-10-26 00:00:00,2022-02-02 00:00:00,2023-06-13 20:33:54.938323,8.770914077758789,coletoressafra2122_31_23,27.037942014308765,0,50.86161348903586,0
Circular Growth no touch,100,logaritmic_growth_distance,logaritmic_growth_days,3300,,,2021-10-26 00:00:00,2022-02-02 00:00:00,2023-06-13 20:34:05.731297,10.791972637176514,coletoressafra2122_31_23,17.845158631287923,0,46.31300328339497,4.830897107552964
Circular Growth no touch,100,logaritmic_growth_distance,logaritmic_growth_days,33000,,,2021-10-26 00:00:00,2022-02-02 00:00:00,2023-06-13 20:34:17.474168,11.742871522903442,coletoressafra2122_31_23,13.698058752340135,0,43.0787707322862,7.598558100850493
Circular Growth no touch,100,logaritmic_growth_distance,logaritmic_growth_days,330000,,,2021-10-26 00:00:00,2022-02-02 00:00:00,2023-06-13 20:34:29.907450,12.416648149490356,coletoressafra2122_31_23,10.759391255147031,0,40.8857574381388,18.86359736190508
Circular Growth no touch,100,logaritmic_growth_distance,logaritmic_growth_days,29,,,2021-10-26 00:00:00,2022-02-02 00:00:00,2023-06-13 20:34:35.307480,5.400029897689819,coletoressafra2122_31_23,20.492763328227344,0,64.63412188262839,0
Circular Growth no touch,100,logaritmic_growth_distance,logaritmic_growth_days,290,,,2021-10-26 00:00:00,2022-02-02 00:00:00,2023-06-13 20:34:43.863879,8.54296326637268,coletoressafra2122_31_23,14.874254064694,0,51.304004886862316,0
Circular Growth no touch,100,logaritmic_growth_distance,logaritmic_growth_days,2900,,,2021-10-26 00:00:00,2022-02-02 00:00:00,2023-06-13 20:34:54.468202,10.603830814361572,coletoressafra2122_31_23,11.032073950945387,0,46.141460041528255,4.709994469515602
Circular Growth no touch,100,logaritmic_growth_distance,logaritmic_growth_days,29000,,,2021-10-26 00:00:00,2022-02-02 00:00:00,2023-06-13 20:35:06.263196,11.794994354248047,coletoressafra2122_31_23,9.265337075139643,0,42.87142479936357,7.4073927290796595
Circular Growth no touch,100,logaritmic_growth_distance,logaritmic_growth_days,290000,,,2021-10-26 00:00:00,2022-02-02 00:00:00,2023-06-13 20:35:18.710982,12.44778561592102,coletoressafra2122_31_23,7.704142037405811,0,41.444093707376524,18.25304028452828
Circular Growth no touch,100,logaritmic_growth_distance,logaritmic_growth_days,3,,,2021-10-26 00:00:00,2022-02-02 00:00:00,2023-06-13 20:35:21.702229,2.9794552326202393,coletoressafra2122_31_23,20.725873298244334,0,85.90364241297638,0
Circular Growth no touch,100,logaritmic_growth_distance,logaritmic_growth_days,30,,,2021-10-26 00:00:00,2022-02-02 00:00:00,2023-06-13 20:35:27.124918,5.421204328536987,coletoressafra2122_31_23,14.446334497049317,0,64.41306915728259,0
Circular Growth no touch,100,logaritmic_growth_distance,logaritmic_growth_days,300,,,2021-10-26 00:00:00,2022-02-02 00:00:00,2023-06-13 20:35:35.670625,8.545706748962402,coletoressafra2122_31_23,10.88598402602885,0,51.136800766552035,0
Circular Growth no touch,100,logaritmic_growth_distance,logaritmic_growth_days,3000,,,2021-10-26 00:00:00,2022-02-02 00:00:00,2023-06-13 20:35:46.308074,10.635447978973389,coletoressafra2122_31_23,8.339515588172583,0,46.2907711950827,4.741416576561186
Circular Growth no touch,100,logaritmic_growth_distance,logaritmic_growth_days,30000,,,2021-10-26 00:00:00,2022-02-02 00:00:00,2023-06-13 20:35:58.061102,11.753028631210327,coletoressafra2122_31_23,7.140449420584853,0,42.72424307984358,7.457073334373501
Circular Growth no touch,100,logaritmic_growth_distance,logaritmic_growth_days,80,,,2021-10-26 00:00:00,2022-02-02 00:00:00,2023-06-13 20:36:04.994149,6.918612003326416,coletoressafra2122_31_23,11.396004057407863,0,57.16942305058861,0
Circular Growth no touch,100,logaritmic_growth_distance,logaritmic_growth_days,800,,,2021-10-26 00:00:00,2022-02-02 00:00:00,2023-06-13 20:36:14.516991,9.521840572357178,coletoressafra2122_31_23,8.399530440138493,0,48.05664760790483,0
Circular Growth no touch,100,logaritmic_growth_distance,logaritmic_growth_days,8000,,,2021-10-26 00:00:00,2022-02-02 00:00:00,2023-06-13 20:36:25.613939,11.094913244247437,coletoressafra2122_31_23,6.976824829874802,0,44.64592597838757,5.74846616723123
Circular Growth no touch,100,logaritmic_growth_distance,logaritmic_growth_days,80000,,,2021-10-26 00:00:00,2022-02-02 00:00:00,2023-06-13 20:36:37.617582,12.003642320632935,coletoressafra2122_31_23,5.992853250052197,0,42.17501089062291,13.189407991813551
Circular Growth no touch,100,logaritmic_growth_distance,logaritmic_growth_days,800000,,,2021-10-26 00:00:00,2022-02-02 00:00:00,2023-06-13 20:36:50.254366,12.636784553527832,coletoressafra2122_31_23,5.053828254461824,0,39.647659917540366,23.66796776855786
Circular Growth no touch,100,logaritmic_growth_distance,logaritmic_growth_days,81,,,2021-10-26 00:00:00,2022-02-02 00:00:00,2023-06-13 20:36:57.224175,6.969808578491211,coletoressafra2122_31_23,9.95550326514262,0,57.08460241133972,0
Circular Growth no touch,100,logaritmic_growth_distance,logaritmic_growth_days,810,,,2021-10-26 00:00:00,2022-02-02 00:00:00,2023-06-13 20:37:06.688962,9.462920904159546,coletoressafra2122_31_23,7.383709058323324,0,47.88333523370577,0
Circular Growth no touch,100,logaritmic_growth_distance,logaritmic_growth_days,8100,,,2021-10-26 00:00:00,2022-02-02 00:00:00,2023-06-13 20:37:17.749537,11.049585580825806,coletoressafra2122_31_23,6.1762351721072415,0,44.54937447562148,5.762521586751643
Circular Growth no touch,100,logaritmic_growth_distance,logaritmic_growth_days,81000,,,2021-10-26 00:00:00,2022-02-02 00:00:00,2023-06-13 20:37:29.762900,12.011361598968506,coletoressafra2122_31_23,5.338159205607119,0,42.15177116184487,13.230451486142448
Circular Growth no touch,100,logaritmic_growth_distance,logaritmic_growth_days,810000,,,2021-10-26 00:00:00,2022-02-02 00:00:00,2023-06-13 20:37:42.346911,12.56403112411499,coletoressafra2122_31_23,4.524069439471043,0,39.647659917540366,23.743821942613437
Circular Growth no touch,100,logaritmic_growth_distance,logaritmic_growth_days,60,,,2021-10-26 00:00:00,2022-02-02 00:00:00,2023-06-13 20:37:48.862594,6.5146825313568115,coletoressafra2122_31_23,9.196174381985475,0,59.08004342087305,0
Circular Growth no touch,100,logaritmic_growth_distance,logaritmic_growth_days,600,,,2021-10-26 00:00:00,2022-02-02 00:00:00,2023-06-13 20:37:58.117471,9.252855777740479,coletoressafra2122_31_23,6.906341120862083,0,49.19047369870209,0
Circular Growth no touch,100,logaritmic_growth_distance,logaritmic_growth_days,6000,,,2021-10-26 00:00:00,2022-02-02 00:00:00,2023-06-13 20:38:09.044230,10.924715757369995,coletoressafra2122_31_23,5.716689797741946,0,45.06214771177805,5.432494448710372
Circular Growth no touch,100,logaritmic_growth_distance,logaritmic_growth_days,60000,,,2021-10-26 00:00:00,2022-02-02 00:00:00,2023-06-13 20:38:20.987345,11.943114995956421,coletoressafra2122_31_23,4.941674515690114,0,42.328744142073965,13.208047642491266
Circular Growth no touch,100,logaritmic_growth_distance,logaritmic_growth_days,600000,,,2021-10-26 00:00:00,2022-02-02 00:00:00,2023-06-13 20:38:33.501013,12.513668298721313,coletoressafra2122_31_23,4.226176369367207,0,39.40029610717835,21.980366846846547
Circular Growth no touch,100,logaritmic_growth_distance,logaritmic_growth_days,90,,,2021-10-26 00:00:00,2022-02-02 00:00:00,2023-06-13 20:38:40.586902,7.074899911880493,coletoressafra2122_31_23,8.118259011426852,0,56.490482412302015,0
Circular Growth no touch,100,logaritmic_growth_distance,logaritmic_growth_days,900,,,2021-10-26 00:00:00,2022-02-02 00:00:00,2023-06-13 20:38:50.160178,9.571273803710938,coletoressafra2122_31_23,6.083677391294971,0,48.2310571669836,3.463989566681094
Circular Growth no touch,100,logaritmic_growth_distance,logaritmic_growth_days,9000,,,2021-10-26 00:00:00,2022-02-02 00:00:00,2023-06-13 20:39:01.305136,11.134962558746338,coletoressafra2122_31_23,5.154098221881234,0,44.437070856793184,5.883138162824886
Circular Growth no touch,100,logaritmic_growth_distance,logaritmic_growth_days,90000,,,2021-10-26 00:00:00,2022-02-02 00:00:00,2023-06-13 20:39:13.362294,12.057158470153809,coletoressafra2122_31_23,4.430947682654285,0,41.967208333917874,13.584029638659782
Circular Growth no touch,100,logaritmic_growth_distance,logaritmic_growth_days,900000,,,2021-10-26 00:00:00,2022-02-02 00:00:00,2023-06-13 20:39:25.954517,12.592222690582275,coletoressafra2122_31_23,3.7769155307114306,0,39.11959026296598,24.39747107970109
Circular Growth no touch,100,logaritmic_growth_distance,logaritmic_growth_days,46,,,2021-10-26 00:00:00,2022-02-02 00:00:00,2023-06-13 20:39:32.049112,6.093595743179321,coletoressafra2122_31_23,7.998064112778439,0,61.02538406269968,0
Circular Growth no touch,100,logaritmic_growth_distance,logaritmic_growth_days,460,,,2021-10-26 00:00:00,2022-02-02 00:00:00,2023-06-13 20:39:41.051061,9.000945806503296,coletoressafra2122_31_23,6.12329884038557,0,50.160105504379935,0
Circular Growth no touch,100,logaritmic_growth_distance,logaritmic_growth_days,4600,,,2021-10-26 00:00:00,2022-02-02 00:00:00,2023-06-13 20:39:51.880753,10.829692363739014,coletoressafra2122_31_23,4.967295530555508,0,45.55936745942323,5.1562841092265765
Circular Growth no touch,100,logaritmic_growth_distance,logaritmic_growth_days,46000,,,2021-10-26 00:00:00,2022-02-02 00:00:00,2023-06-13 20:40:03.804258,11.92350435256958,coletoressafra2122_31_23,4.329657130174583,0,43.06896195488078,8.113169723120851
Circular Growth no touch,100,logaritmic_growth_distance,logaritmic_growth_days,460000,,,2021-10-26 00:00:00,2022-02-02 00:00:00,2023-06-13 20:40:16.305071,12.500813007354736,coletoressafra2122_31_23,3.7249137555570897,0,40.34837873653248,20.53335733997429
Circular Growth no touch,100,logaritmic_growth_distance,logaritmic_growth_days,7,,,2021-10-26 00:00:00,2022-02-02 00:00:00,2023-06-13 20:40:19.803742,3.4882454872131348,coletoressafra2122_31_23,9.607150263600959,0,77.99901493144148,0
Circular Growth no touch,100,logaritmic_growth_distance,logaritmic_growth_days,70,,,2021-10-26 00:00:00,2022-02-02 00:00:00,2023-06-13 20:40:26.503499,6.6997575759887695,coletoressafra2122_31_23,7.13457562534387,0,57.85751695364429,0
Circular Growth no touch,100,logaritmic_growth_distance,logaritmic_growth_days,700,,,2021-10-26 00:00:00,2022-02-02 00:00:00,2023-06-13 20:40:35.899754,9.396255016326904,coletoressafra2122_31_23,5.36960563937859,0,48.574508507161745,0
Circular Growth no touch,100,logaritmic_growth_distance,logaritmic_growth_days,7000,,,2021-10-26 00:00:00,2022-02-02 00:00:00,2023-06-13 20:40:46.918828,11.019073724746704,coletoressafra2122_31_23,4.486035703150022,0,44.50046361708968,5.599554934854959
Circular Growth no touch,100,logaritmic_growth_distance,logaritmic_growth_days,70000,,,2021-10-26 00:00:00,2022-02-02 00:00:00,2023-06-13 20:40:58.859991,11.941162824630737,coletoressafra2122_31_23,3.9528627309235724,0,42.07267984821492,13.73673517575794
Circular Growth no touch,100,logaritmic_growth_distance,logaritmic_growth_days,58,,,2021-10-26 00:00:00,2022-02-02 00:00:00,2023-06-13 20:41:05.330759,6.459776401519775,coletoressafra2122_31_23,6.948078043090211,0,59.41116245698106,0
Circular Growth no touch,100,logaritmic_growth_distance,logaritmic_growth_days,580,,,2021-10-26 00:00:00,2022-02-02 00:00:00,2023-06-13 20:41:14.571155,9.238398313522339,coletoressafra2122_31_23,5.280370881205408,0,49.33504138768744,0
Circular Growth no touch,100,logaritmic_growth_distance,logaritmic_growth_days,5800,,,2021-10-26 00:00:00,2022-02-02 00:00:00,2023-06-13 20:41:25.450316,10.879161357879639,coletoressafra2122_31_23,4.368436342001468,0,45.13507899018497,5.396435340638791
Circular Growth no touch,100,logaritmic_growth_distance,logaritmic_growth_days,58000,,,2021-10-26 00:00:00,2022-02-02 00:00:00,2023-06-13 20:41:37.397443,11.947126150131226,coletoressafra2122_31_23,3.802774997673015,0,42.359901915875355,13.094662829340743
Circular Growth no touch,100,logaritmic_growth_distance,logaritmic_growth_days,580000,,,2021-10-26 00:00:00,2022-02-02 00:00:00,2023-06-13 20:41:49.892087,12.494644165039062,coletoressafra2122_31_23,3.2735284496704398,0,39.40029610717835,21.78994827539915
Circular Growth no touch,100,logaritmic_growth_distance,logaritmic_growth_days,40,,,2022-10-20 00:00:00,2023-01-27 00:00:00,2023-06-13 20:43:59.108728,7.751701831817627,coletoressafra2223_31_23,48.33165064021968,0,57.210646277536526,0
Circular Growth no touch,100,logaritmic_growth_distance,logaritmic_growth_days,400,,,2022-10-20 00:00:00,2023-01-27 00:00:00,2023-06-13 20:44:10.134467,11.02573823928833,coletoressafra2223_31_23,25.77235250477263,0,46.94899417124157,16.035666911471164
Circular Growth no touch,100,logaritmic_growth_distance,logaritmic_growth_days,4000,,,2022-10-20 00:00:00,2023-01-27 00:00:00,2023-06-13 20:44:23.402504,13.26803708076477,coletoressafra2223_31_23,16.674047088563608,0,42.49737528165235,20.227472353331542
Circular Growth no touch,100,logaritmic_growth_distance,logaritmic_growth_days,40000,,,2022-10-20 00:00:00,2023-01-27 00:00:00,2023-06-13 20:44:37.966805,14.564301490783691,coletoressafra2223_31_23,11.828714157557695,0,39.24120566728579,46.93033048633371
Circular Growth no touch,100,logaritmic_growth_distance,logaritmic_growth_days,400000,,,2022-10-20 00:00:00,2023-01-27 00:00:00,2023-06-13 20:44:53.460126,15.49332046508789,coletoressafra2223_31_23,8.637764741253077,0,37.173084823486434,125.08402502604856
Circular Growth no touch,100,logaritmic_growth_distance,logaritmic_growth_days,34,,,2022-10-20 00:00:00,2023-01-27 00:00:00,2023-06-13 20:45:00.839917,7.379224061965942,coletoressafra2223_31_23,20.6724187475343,0,58.101545679866476,0
Circular Growth no touch,100,logaritmic_growth_distance,logaritmic_growth_days,340,,,2022-10-20 00:00:00,2023-01-27 00:00:00,2023-06-13 20:45:11.638226,10.796295404434204,coletoressafra2223_31_23,14.255280231132678,0,47.0455015998259,14.873012734250445
Circular Growth no touch,100,logaritmic_growth_distance,logaritmic_growth_days,3400,,,2022-10-20 00:00:00,2023-01-27 00:00:00,2023-06-13 20:45:24.746798,13.108571767807007,coletoressafra2223_31_23,10.49253116920721,0,42.013264652722015,20.16480027587486
Circular Growth no touch,100,logaritmic_growth_distance,logaritmic_growth_days,34000,,,2022-10-20 00:00:00,2023-01-27 00:00:00,2023-06-13 20:45:39.234337,14.477538347244263,coletoressafra2223_31_23,7.981212335124936,0,39.18552583266695,43.639793104980136
Circular Growth no touch,100,logaritmic_growth_distance,logaritmic_growth_days,340000,,,2022-10-20 00:00:00,2023-01-27 00:00:00,2023-06-13 20:45:54.640135,15.395802021026611,coletoressafra2223_31_23,6.157154982900992,0,37.28464734359482,116.266745953577
Circular Growth no touch,100,logaritmic_growth_distance,logaritmic_growth_days,41,,,2022-10-20 00:00:00,2023-01-27 00:00:00,2023-06-13 20:46:02.229777,7.589642286300659,coletoressafra2223_31_23,14.887154661657194,0,56.981989171553934,0
Circular Growth no touch,100,logaritmic_growth_distance,logaritmic_growth_days,410,,,2022-10-20 00:00:00,2023-01-27 00:00:00,2023-06-13 20:46:13.286756,11.056978225708008,coletoressafra2223_31_23,10.68883762103646,0,46.64081658603417,16.220100834175003
Circular Growth no touch,100,logaritmic_growth_distance,logaritmic_growth_days,4100,,,2022-10-20 00:00:00,2023-01-27 00:00:00,2023-06-13 20:46:26.532939,13.238908052444458,coletoressafra2223_31_23,8.08976948925986,0,42.48824685811634,20.448152175174926
Circular Growth no touch,100,logaritmic_growth_distance,logaritmic_growth_days,41000,,,2022-10-20 00:00:00,2023-01-27 00:00:00,2023-06-13 20:46:41.125132,14.592193126678467,coletoressafra2223_31_23,6.345440552282544,0,39.209905211141056,47.4522040079409
Circular Growth no touch,100,logaritmic_growth_distance,logaritmic_growth_days,410000,,,2022-10-20 00:00:00,2023-01-27 00:00:00,2023-06-13 20:46:56.600117,15.474984645843506,coletoressafra2223_31_23,4.984802025105166,0,37.173084823486434,126.48203071331895
Circular Growth no touch,100,logaritmic_growth_distance,logaritmic_growth_days,79,,,2022-10-20 00:00:00,2023-01-27 00:00:00,2023-06-13 20:47:05.287874,8.687757015228271,coletoressafra2223_31_23,11.19467024298625,0,52.83688902750865,0
Circular Growth no touch,100,logaritmic_growth_distance,logaritmic_growth_days,790,,,2022-10-20 00:00:00,2023-01-27 00:00:00,2023-06-13 20:47:17.056392,11.768518209457397,coletoressafra2223_31_23,8.438825280281868,0,44.478152500099014,21.97720441814697
Circular Growth no touch,100,logaritmic_growth_distance,logaritmic_growth_days,7900,,,2022-10-20 00:00:00,2023-01-27 00:00:00,2023-06-13 20:47:30.790119,13.723737716674805,coletoressafra2223_31_23,6.40667619711034,0,41.87854830198599,25.731435397638162
Circular Growth no touch,100,logaritmic_growth_distance,logaritmic_growth_days,79000,,,2022-10-20 00:00:00,2023-01-27 00:00:00,2023-06-13 20:47:45.731308,14.941188335418701,coletoressafra2223_31_23,5.131363569076929,0,39.52071346082748,60.5110516829275
Circular Growth no touch,100,logaritmic_growth_distance,logaritmic_growth_days,790000,,,2022-10-20 00:00:00,2023-01-27 00:00:00,2023-06-13 20:48:01.430050,15.698741912841797,coletoressafra2223_31_23,4.063407453501387,0,36.64554543188026,156.48634502629443
Circular Growth no touch,100,logaritmic_growth_distance,logaritmic_growth_days,48,,,2022-10-20 00:00:00,2023-01-27 00:00:00,2023-06-13 20:48:09.346942,7.916892051696777,coletoressafra2223_31_23,10.50058257315397,0,55.81872397792755,0
Circular Growth no touch,100,logaritmic_growth_distance,logaritmic_growth_days,480,,,2022-10-20 00:00:00,2023-01-27 00:00:00,2023-06-13 20:48:20.566872,11.219930410385132,coletoressafra2223_31_23,7.8300917356573585,0,46.18085302850823,17.448499463519823
Circular Growth no touch,100,logaritmic_growth_distance,logaritmic_growth_days,4800,,,2022-10-20 00:00:00,2023-01-27 00:00:00,2023-06-13 20:48:33.953389,13.3765287399292,coletoressafra2223_31_23,5.981388949732087,0,41.91507931370134,21.917514136472793
Circular Growth no touch,100,logaritmic_growth_distance,logaritmic_growth_days,48000,,,2022-10-20 00:00:00,2023-01-27 00:00:00,2023-06-13 20:48:48.596696,14.64330768585205,coletoressafra2223_31_23,4.783926470079431,0,38.788681309794605,50.92737866862825
Circular Growth no touch,100,logaritmic_growth_distance,logaritmic_growth_days,480000,,,2022-10-20 00:00:00,2023-01-27 00:00:00,2023-06-13 20:49:04.113059,15.516362428665161,coletoressafra2223_31_23,3.775570963552143,0,36.85692385184764,130.04597307286
Circular Growth no touch,100,logaritmic_growth_distance,logaritmic_growth_days,97,,,2022-10-20 00:00:00,2023-01-27 00:00:00,2023-06-13 20:49:13.062030,8.948970794677734,coletoressafra2223_31_23,8.60036828815892,0,51.71116968724006,0
Circular Growth no touch,100,logaritmic_growth_distance,logaritmic_growth_days,970,,,2022-10-20 00:00:00,2023-01-27 00:00:00,2023-06-13 20:49:25.049659,11.987629652023315,coletoressafra2223_31_23,6.596770891225674,0,43.937867857738134,24.168952843585018
Circular Growth no touch,100,logaritmic_growth_distance,logaritmic_growth_days,9700,,,2022-10-20 00:00:00,2023-01-27 00:00:00,2023-06-13 20:49:38.906145,13.856486082077026,coletoressafra2223_31_23,5.017974572396911,0,40.95822694746201,28.16450342165867
Circular Growth no touch,100,logaritmic_growth_distance,logaritmic_growth_days,97000,,,2022-10-20 00:00:00,2023-01-27 00:00:00,2023-06-13 20:49:53.899936,14.98378324508667,coletoressafra2223_31_23,4.07248046391638,0,38.89238787211328,66.38496183784366
Circular Growth no touch,100,logaritmic_growth_distance,logaritmic_growth_days,970000,,,2022-10-20 00:00:00,2023-01-27 00:00:00,2023-06-13 20:50:09.709576,15.799639701843262,coletoressafra2223_31_23,3.242119726558104,0,35.70960655061884,171.70981290888108
Circular Growth no touch,100,logaritmic_growth_distance,logaritmic_growth_days,94,,,2022-10-20 00:00:00,2023-01-27 00:00:00,2023-06-13 20:50:18.588067,8.868491172790527,coletoressafra2223_31_23,7.904395294387951,0,51.978760559441724,0
Circular Growth no touch,100,logaritmic_growth_distance,logaritmic_growth_days,940,,,2022-10-20 00:00:00,2023-01-27 00:00:00,2023-06-13 20:50:30.526207,11.938140392303467,coletoressafra2223_31_23,6.089846238291478,0,44.06422355042069,23.81984714347179
Circular Growth no touch,100,logaritmic_growth_distance,logaritmic_growth_days,9400,,,2022-10-20 00:00:00,2023-01-27 00:00:00,2023-06-13 20:50:44.360419,13.834211349487305,coletoressafra2223_31_23,4.629476308602101,0,40.95822694746201,27.77709809195558
Circular Growth no touch,100,logaritmic_growth_distance,logaritmic_growth_days,94000,,,2022-10-20 00:00:00,2023-01-27 00:00:00,2023-06-13 20:50:59.329640,14.969221353530884,coletoressafra2223_31_23,3.7869563526425134,0,38.906758398208964,65.44947868475424
Circular Growth no touch,100,logaritmic_growth_distance,logaritmic_growth_days,940000,,,2022-10-20 00:00:00,2023-01-27 00:00:00,2023-06-13 20:51:15.160576,15.830935955047607,coletoressafra2223_31_23,3.0028574867775952,0,35.70960655061884,169.28590388338168
Circular Growth no touch,100,logaritmic_growth_distance,logaritmic_growth_days,22,,,2022-10-20 00:00:00,2023-01-27 00:00:00,2023-06-13 20:51:21.704682,6.543104887008667,coletoressafra2223_31_23,9.136528221158935,0,61.72359785078613,0
Circular Growth no touch,100,logaritmic_growth_distance,logaritmic_growth_days,220,,,2022-10-20 00:00:00,2023-01-27 00:00:00,2023-06-13 20:51:31.930732,10.22404956817627,coletoressafra2223_31_23,6.546201628726217,0,47.817108900627375,0
Circular Growth no touch,100,logaritmic_growth_distance,logaritmic_growth_days,2200,,,2022-10-20 00:00:00,2023-01-27 00:00:00,2023-06-13 20:51:44.687084,12.756352663040161,coletoressafra2223_31_23,5.093454299644298,0,43.04543489175799,18.47446471411019
Circular Growth no touch,100,logaritmic_growth_distance,logaritmic_growth_days,22000,,,2022-10-20 00:00:00,2023-01-27 00:00:00,2023-06-13 20:51:58.992788,14.295707941055298,coletoressafra2223_31_23,3.9697332579228113,0,39.98616782115131,35.948568198483095
Circular Growth no touch,100,logaritmic_growth_distance,logaritmic_growth_days,220000,,,2022-10-20 00:00:00,2023-01-27 00:00:00,2023-06-13 20:52:14.199900,15.207111597061157,coletoressafra2223_31_23,3.236018982458207,0,37.3207858920823,96.23647456747443
Circular Growth no touch,100,logaritmic_growth_distance,logaritmic_growth_days,45,,,2022-10-20 00:00:00,2023-01-27 00:00:00,2023-06-13 20:52:21.976644,7.7767438888549805,coletoressafra2223_31_23,7.5968432029632105,0,56.20355860619504,0
Circular Growth no touch,100,logaritmic_growth_distance,logaritmic_growth_days,450,,,2022-10-20 00:00:00,2023-01-27 00:00:00,2023-06-13 20:52:33.100007,11.123363733291626,coletoressafra2223_31_23,5.707028408114595,0,46.28549234205899,16.934687843366422
Circular Growth no touch,100,logaritmic_growth_distance,logaritmic_growth_days,4500,,,2022-10-20 00:00:00,2023-01-27 00:00:00,2023-06-13 20:52:46.420102,13.320094108581543,coletoressafra2223_31_23,4.430045863463249,0,42.28687952758137,21.303004446131375
Circular Growth no touch,100,logaritmic_growth_distance,logaritmic_growth_days,45000,,,2022-10-20 00:00:00,2023-01-27 00:00:00,2023-06-13 20:53:01.060148,14.629973649978638,coletoressafra2223_31_23,3.5407413862797528,0,38.815538994270455,49.47393359332253
Circular Growth no touch,100,logaritmic_growth_distance,logaritmic_growth_days,450000,,,2022-10-20 00:00:00,2023-01-27 00:00:00,2023-06-13 20:53:16.546574,15.486425876617432,coletoressafra2223_31_23,2.8550159638776416,0,37.151740899342144,126.31998983562065
Circular Growth no touch,100,logaritmic_growth_distance,logaritmic_growth_days,17,,,2022-10-20 00:00:00,2023-01-27 00:00:00,2023-06-13 20:53:22.658492,6.101247787475586,coletoressafra2223_31_23,8.464076035763373,0,64.04144543314963,0
Circular Growth no touch,100,logaritmic_growth_distance,logaritmic_growth_days,170,,,2022-10-20 00:00:00,2023-01-27 00:00:00,2023-06-13 20:53:32.440424,9.769932985305786,coletoressafra2223_31_23,6.0099651028718615,0,49.064703532614594,0
Circular Growth no touch,100,logaritmic_growth_distance,logaritmic_growth_days,1700,,,2022-10-20 00:00:00,2023-01-27 00:00:00,2023-06-13 20:53:44.923305,12.482881546020508,coletoressafra2223_31_23,4.670370465268184,0,43.187833661552794,22.331478217744486
Circular Growth no touch,100,logaritmic_growth_distance,logaritmic_growth_days,17000,,,2022-10-20 00:00:00,2023-01-27 00:00:00,2023-06-13 20:53:59.097170,14.172828674316406,coletoressafra2223_31_23,3.636747746667842,0,40.93380900400938,33.89825373055538
Circular Growth no touch,100,logaritmic_growth_distance,logaritmic_growth_days,170000,,,2022-10-20 00:00:00,2023-01-27 00:00:00,2023-06-13 20:54:14.158331,15.059648990631104,coletoressafra2223_31_23,2.960259453244885,0,37.91368312919562,85.5949891094735
